Workbook

Sheet README
A1: Progressive Commercial Auto Liability Reserving Workpaper
A2: Prepared August 6, 2026 | Units are $ millions unless otherwise noted
A4: Purpose | B4: Credentialed-actuary workpaper supporting the initial commercial auto liability reserve range analysis.
A5: Source data | B5: Progressive 2025 Form 10-K: Commercial Lines – Liability triangles and reserve disclosures, printed pages 105 and 146-147; Commercial Lines premium data, printed page 136. Prior Progressive annual reports provide 2021-2022 Commercial Lines NPE and historical ratios.
A6: Scope | B6: Commercial Lines liability triangle. The 10-K discusses commercial auto liability reserves including TNC; core commercial auto trend disclosures exclude TNC and Fleet & Specialty, so this distinction is material.
A7: Method | B7: Bornhuetter-Ferguson using latest incurred, 10-K implied unreported percentages, a liability premium allocation assumption, and selected expected loss ratios.
A8: Premium limitation | B8: Liability-only earned premium is not separately disclosed. The workpaper uses 85%-95% of Commercial Lines NPE as a sensitivity range, with 90% central.
A9: ELR limitation | B9: The selected ELRs are analyst assumptions informed by Progressive historical Commercial Lines loss ratios and disclosed severity/frequency/rate trends. They are not company guidance.
A10: Color convention | B10: Yellow = hardcoded input/assumption; green = formula/output; blue = section header.

Sheet Source_Data
A1: Source Data and Assumptions
A2: Hardcoded source values and analyst assumptions
A4: Accident Year | B4: Commercial Lines NPE | C4: Latest Incurred | D4: 10-K IBNR | E4: Book Ultimate | F4: Unreported % | G4: ELR Low | H4: ELR Base | I4: ELR High | J4: Premium Share Low | K4: Premium Share Base | L4: Premium Share High | M4: Source / Comment
A5: 2021 | B5: 6945.2 | C5: 3566 | D5: 19 | E5: =C5+D5 | F5: =D5/E5 | G5: 0.64 | H5: 0.68 | I5: 0.72 | J5: 0.85 | K5: 0.9 | L5: 0.95 | M5: 10-K triangle / analyst assumption
A6: 2022 | B6: 9088.3 | C6: 4875 | D6: 117 | E6: =C6+D6 | F6: =D6/E6 | G6: 0.67 | H6: 0.72 | I6: 0.77 | J6: 0.85 | K6: 0.9 | L6: 0.95 | M6: 10-K triangle / analyst assumption
A7: 2023 | B7: 9899 | C7: 5487 | D7: 220 | E7: =C7+D7 | F7: =D7/E7 | G7: 0.72 | H7: 0.76 | I7: 0.82 | J7: 0.85 | K7: 0.9 | L7: 0.95 | M7: 10-K triangle / analyst assumption
A8: 2024 | B8: 10707 | C8: 5551 | D8: 467 | E8: =C8+D8 | F8: =D8/E8 | G8: 0.66 | H8: 0.7 | I8: 0.74 | J8: 0.85 | K8: 0.9 | L8: 0.95 | M8: 10-K triangle / analyst assumption
A9: 2025 | B9: 10881 | C9: 5631 | D9: 1200 | E9: =C9+D9 | F9: =D9/E9 | G9: 0.64 | H9: 0.68 | I9: 0.72 | J9: 0.85 | K9: 0.9 | L9: 0.95 | M9: 10-K triangle / analyst assumption

Sheet Incurred_Triangle
A1: Commercial Lines Liability - Incurred Triangle
A2: Net of reinsurance | Source: Progressive 2025 Form 10-K, printed page 105
A4: Accident Year | B4: 12 months | C4: 24 months | D4: 36 months | E4: 48 months | F4: 60 months | G4: Latest Value | H4: Latest Age
A5: 2021 | B5: 3447 | C5: 3527 | D5: 3574 | E5: 3581 | F5: 3566 | G5: =INDEX(B5:F5,1,COUNT(B5:F5)) | H5: =LOOKUP(2,1/(B5:F5<>""),B$4:F$4)
A6: 2022 | B6: 4526 | C6: 4835 | D6: 4862 | E6: 4875 | G6: =INDEX(B6:F6,1,COUNT(B6:F6)) | H6: =LOOKUP(2,1/(B6:F6<>""),B$4:F$4)
A7: 2023 | B7: 5456 | C7: 5502 | D7: 5487 | G7: =INDEX(B7:F7,1,COUNT(B7:F7)) | H7: =LOOKUP(2,1/(B7:F7<>""),B$4:F$4)
A8: 2024 | B8: 5552 | C8: 5551 | G8: =INDEX(B8:F8,1,COUNT(B8:F8)) | H8: =LOOKUP(2,1/(B8:F8<>""),B$4:F$4)
A9: 2025 | B9: 5631 | G9: =INDEX(B9:F9,1,COUNT(B9:F9)) | H9: =LOOKUP(2,1/(B9:F9<>""),B$4:F$4)
A11: Total | B11: =SUM(B5:B9) | C11: =SUM(C5:C9) | D11: =SUM(D5:D9) | E11: =SUM(E5:E9) | F11: =SUM(F5:F9) | G11: =SUM(G5:G9)

Sheet Paid_Triangle
A1: Commercial Lines Liability - Paid Triangle
A2: Net of reinsurance | Source: Progressive 2025 Form 10-K, printed page 105
A4: Accident Year | B4: 12 months | C4: 24 months | D4: 36 months | E4: 48 months | F4: 60 months | G4: Latest Value | H4: Latest Age
A5: 2021 | B5: 574 | C5: 1546 | D5: 2414 | E5: 2990 | F5: 3316 | G5: =INDEX(B5:F5,1,COUNT(B5:F5)) | H5: =LOOKUP(2,1/(B5:F5<>""),B$4:F$4)
A6: 2022 | B6: 749 | C6: 2086 | D6: 3232 | E6: 3976 | G6: =INDEX(B6:F6,1,COUNT(B6:F6)) | H6: =LOOKUP(2,1/(B6:F6<>""),B$4:F$4)
A7: 2023 | B7: 848 | C7: 2307 | D7: 3474 | G7: =INDEX(B7:F7,1,COUNT(B7:F7)) | H7: =LOOKUP(2,1/(B7:F7<>""),B$4:F$4)
A8: 2024 | B8: 853 | C8: 2150 | G8: =INDEX(B8:F8,1,COUNT(B8:F8)) | H8: =LOOKUP(2,1/(B8:F8<>""),B$4:F$4)
A9: 2025 | B9: 784 | G9: =INDEX(B9:F9,1,COUNT(B9:F9)) | H9: =LOOKUP(2,1/(B9:F9<>""),B$4:F$4)
A11: Total | B11: =SUM(B5:B9) | C11: =SUM(C5:C9) | D11: =SUM(D5:D9) | E11: =SUM(E5:E9) | F11: =SUM(F5:F9) | G11: =SUM(G5:G9)

Sheet Development_Factors
A1: Development Factor Workpaper
A2: Observed age-to-age factors, volume-weighted selections, and 10-K implied tail diagnostics
A4: Incurred Development Factors
A5: Age-to-Age | B5: 2021 | C5: 2022 | D5: 2023 | E5: 2024 | F5: 2025 | G5: Volume-Weighted Selected
A6: 12-24 | B6: =IFERROR(C5/B5,"") | C6: =IFERROR(C6/B6,"") | D6: =IFERROR(C7/B7,"") | E6: =IFERROR(C8/B8,"") | G6: =SUM(C5:C9)/SUM(B5:B9)
A7: 24-36 | B7: =IFERROR(D5/C5,"") | C7: =IFERROR(D6/C6,"") | D7: =IFERROR(D7/C7,"") | G7: =SUM(D5:D9)/SUM(C5:C9)
A8: 36-48 | B8: =IFERROR(E5/D5,"") | C8: =IFERROR(E6/D6,"") | G8: =SUM(E5:E9)/SUM(D5:D9)
A9: 48-60 | B9: =IFERROR(F5/E5,"") | G9: =SUM(F5:F9)/SUM(E5:E9)
A10: Incurred cumulative factor to 60 months | B10: =PRODUCT(G6,G7,G8,G9) | C10: =PRODUCT(G7,G8,G9) | D10: =PRODUCT(G8,G9) | E10: =PRODUCT(G9) | F10: 1
A13: Paid Development Factors
A14: Age-to-Age | B14: 2021 | C14: 2022 | D14: 2023 | E14: 2024 | F14: 2025 | G14: Volume-Weighted Selected
A15: 12-24 | B15: =IFERROR(C5/B5,"") | C15: =IFERROR(C6/B6,"") | D15: =IFERROR(C7/B7,"") | E15: =IFERROR(C8/B8,"") | G15: =SUM(C5:C9)/SUM(B5:B9)
A16: 24-36 | B16: =IFERROR(D5/C5,"") | C16: =IFERROR(D6/C6,"") | D16: =IFERROR(D7/C7,"") | G16: =SUM(D5:D9)/SUM(C5:C9)
A17: 36-48 | B17: =IFERROR(E5/D5,"") | C17: =IFERROR(E6/D6,"") | G17: =SUM(E5:E9)/SUM(D5:D9)
A18: Paid cumulative factor to 60 months | B18: =PRODUCT(G15,G16,G17,G18) | C18: =PRODUCT(G16,G17,G18) | D18: =PRODUCT(G17,G18) | E18: =PRODUCT(G18) | F18: 1 | G18: =SUM(F5:F9)/SUM(E5:E9)
A21: 10-K implied incurred CDF to ultimate
A22: Accident Year | B22: Latest Incurred | C22: 10-K IBNR | D22: Book Ultimate | E22: Implied CDF | F22: Implied Unreported %
A23: 2021 | B23: =Source_Data!C5 | C23: =Source_Data!D5 | D23: =Source_Data!E5 | E23: =D23/B23 | F23: =C23/D23
A24: 2022 | B24: =Source_Data!C6 | C24: =Source_Data!D6 | D24: =Source_Data!E6 | E24: =D24/B24 | F24: =C24/D24
A25: 2023 | B25: =Source_Data!C7 | C25: =Source_Data!D7 | D25: =Source_Data!E7 | E25: =D25/B25 | F25: =C25/D25
A26: 2024 | B26: =Source_Data!C8 | C26: =Source_Data!D8 | D26: =Source_Data!E8 | E26: =D26/B26 | F26: =C26/D26
A27: 2025 | B27: =Source_Data!C9 | C27: =Source_Data!D9 | D27: =Source_Data!E9 | E27: =D27/B27 | F27: =C27/D27

Sheet BF_Workpaper
A1: Bornhuetter-Ferguson Workpaper
A2: Expected loss ratio method underlies the BF expected ultimate
A4: AY | B4: Commercial Lines NPE | C4: Premium Share Low | D4: Premium Share Base | E4: Premium Share High | F4: Liability NPE Low | G4: Liability NPE Base | H4: Liability NPE High | I4: ELR Low | J4: ELR Base | K4: ELR High | L4: Expected Ult Low | M4: Expected Ult Base | N4: Expected Ult High | O4: Latest Incurred | P4: Unreported % | Q4: BF Ult Low | R4: BF Ult Base | S4: BF Ult High
A5: 2021 | B5: =Source_Data!B5 | C5: =Source_Data!J5 | D5: =Source_Data!K5 | E5: =Source_Data!L5 | F5: =B5*C5 | G5: =B5*D5 | H5: =B5*E5 | I5: =Source_Data!G5 | J5: =Source_Data!H5 | K5: =Source_Data!I5 | L5: =F5*I5 | M5: =G5*J5 | N5: =H5*K5 | O5: =Source_Data!C5 | P5: =Source_Data!F5 | Q5: =O5+P5*L5 | R5: =O5+P5*M5 | S5: =O5+P5*N5
A6: 2022 | B6: =Source_Data!B6 | C6: =Source_Data!J6 | D6: =Source_Data!K6 | E6: =Source_Data!L6 | F6: =B6*C6 | G6: =B6*D6 | H6: =B6*E6 | I6: =Source_Data!G6 | J6: =Source_Data!H6 | K6: =Source_Data!I6 | L6: =F6*I6 | M6: =G6*J6 | N6: =H6*K6 | O6: =Source_Data!C6 | P6: =Source_Data!F6 | Q6: =O6+P6*L6 | R6: =O6+P6*M6 | S6: =O6+P6*N6
A7: 2023 | B7: =Source_Data!B7 | C7: =Source_Data!J7 | D7: =Source_Data!K7 | E7: =Source_Data!L7 | F7: =B7*C7 | G7: =B7*D7 | H7: =B7*E7 | I7: =Source_Data!G7 | J7: =Source_Data!H7 | K7: =Source_Data!I7 | L7: =F7*I7 | M7: =G7*J7 | N7: =H7*K7 | O7: =Source_Data!C7 | P7: =Source_Data!F7 | Q7: =O7+P7*L7 | R7: =O7+P7*M7 | S7: =O7+P7*N7
A8: 2024 | B8: =Source_Data!B8 | C8: =Source_Data!J8 | D8: =Source_Data!K8 | E8: =Source_Data!L8 | F8: =B8*C8 | G8: =B8*D8 | H8: =B8*E8 | I8: =Source_Data!G8 | J8: =Source_Data!H8 | K8: =Source_Data!I8 | L8: =F8*I8 | M8: =G8*J8 | N8: =H8*K8 | O8: =Source_Data!C8 | P8: =Source_Data!F8 | Q8: =O8+P8*L8 | R8: =O8+P8*M8 | S8: =O8+P8*N8
A9: 2025 | B9: =Source_Data!B9 | C9: =Source_Data!J9 | D9: =Source_Data!K9 | E9: =Source_Data!L9 | F9: =B9*C9 | G9: =B9*D9 | H9: =B9*E9 | I9: =Source_Data!G9 | J9: =Source_Data!H9 | K9: =Source_Data!I9 | L9: =F9*I9 | M9: =G9*J9 | N9: =H9*K9 | O9: =Source_Data!C9 | P9: =Source_Data!F9 | Q9: =O9+P9*L9 | R9: =O9+P9*M9 | S9: =O9+P9*N9
A12: Total / Weighted | B12: =SUM(B5:B9) | F12: =SUM(F5:F9) | G12: =SUM(G5:G9) | H12: =SUM(H5:H9) | L12: =SUM(L5:L9) | M12: =SUM(M5:M9) | N12: =SUM(N5:N9) | O12: =SUM(O5:O9) | P12: =SUMPRODUCT(P5:P9,O5:O9)/SUM(O5:O9) | Q12: =SUM(Q5:Q9) | R12: =SUM(R5:R9) | S12: =SUM(S5:S9)
A15: Formula notes
A16: Expected ultimate = liability premium proxy × selected expected loss ratio.
A17: BF ultimate = latest incurred + implied unreported % × expected ultimate.
A18: Implied unreported % = 10-K IBNR / 10-K carried ultimate.
A19: Premium allocation sensitivity is 85%-95%; central assumption is 90%.

Sheet Reserve_Summary
A1: Reserve Summary and Reconciliation
A2: BF range compared with the 10-K carried ultimate
A4: AY | B4: Book Latest Incurred | C4: Book IBNR | D4: Book Ultimate | E4: BF Low | F4: BF Base | G4: BF High | H4: BF Base vs Book | I4: Book IBNR %
A5: 2021 | B5: =Source_Data!C5 | C5: =Source_Data!D5 | D5: =Source_Data!E5 | E5: =BF_Workpaper!Q5 | F5: =BF_Workpaper!R5 | G5: =BF_Workpaper!S5 | H5: =F5-D5 | I5: =C5/D5
A6: 2022 | B6: =Source_Data!C6 | C6: =Source_Data!D6 | D6: =Source_Data!E6 | E6: =BF_Workpaper!Q6 | F6: =BF_Workpaper!R6 | G6: =BF_Workpaper!S6 | H6: =F6-D6 | I6: =C6/D6
A7: 2023 | B7: =Source_Data!C7 | C7: =Source_Data!D7 | D7: =Source_Data!E7 | E7: =BF_Workpaper!Q7 | F7: =BF_Workpaper!R7 | G7: =BF_Workpaper!S7 | H7: =F7-D7 | I7: =C7/D7
A8: 2024 | B8: =Source_Data!C8 | C8: =Source_Data!D8 | D8: =Source_Data!E8 | E8: =BF_Workpaper!Q8 | F8: =BF_Workpaper!R8 | G8: =BF_Workpaper!S8 | H8: =F8-D8 | I8: =C8/D8
A9: 2025 | B9: =Source_Data!C9 | C9: =Source_Data!D9 | D9: =Source_Data!E9 | E9: =BF_Workpaper!Q9 | F9: =BF_Workpaper!R9 | G9: =BF_Workpaper!S9 | H9: =F9-D9 | I9: =C9/D9
A12: Key interpretation
A13: BF ranges remain close to carried values for mature accident years because the 10-K implied unreported percentages are small. AY2025 is more sensitive because 17.6% of carried ultimate remains unreported.

Sheet QC_Checks
A1: Quality Control Checks
A2: All checks should show PASS after opening in Excel or Google Sheets
A4: Check | B4: Formula / Basis | C4: Result | D4: Status
A5: Book ultimate arithmetic | B5: Latest incurred + 10-K IBNR = book ultimate | C5: =SUMPRODUCT(Source_Data!C5:C9,Source_Data!D5:D9*0+1)+SUM(Source_Data!D5:D9)-SUM(Source_Data!E5:E9) | D5: =IF(C5=0,"PASS","CHECK")
A6: BF low ≤ base ≤ high | B6: Each accident year | C6: =SUMPRODUCT(--(BF_Workpaper!Q5:Q9<=BF_Workpaper!R5:R9),--(BF_Workpaper!R5:R9<=BF_Workpaper!S5:S9)) | D6: =IF(C6=5,"PASS","CHECK")
A7: Premium share ordered | B7: 85% ≤ 90% ≤ 95% | C7: =IF(AND(Source_Data!J5<=Source_Data!K5,Source_Data!K5<=Source_Data!L5),1,0) | D7: =IF(C7=1,"PASS","CHECK")
A8: ELR ordered | B8: Low ≤ Base ≤ High for each AY | C8: =SUMPRODUCT(--(Source_Data!G5:G9<=Source_Data!H5:H9),--(Source_Data!H5:H9<=Source_Data!I5:I9)) | D8: =IF(C8=5,"PASS","CHECK")
A9: BF base vs book total | B9: Diagnostic only; not expected to equal zero | C9: =SUM(BF_Workpaper!R5:R9)-SUM(Source_Data!E5:E9) | D9: INFO
